{
    "now": "2025-03-24T11:55:22.555Z",
    "perfNow": 275448.89999997616,
    "diagnosticCorrelation": "bb461d23-3eec-475f-bfd2-03595d92c48a",
    "source": "DownloadSupportFiles",
    "environment": {
        "productName": "a365",
        "buildVersion": "25.0303.07",
        "environmentType": 9,
        "resourceName": "azuresynapsesushworkspace",
        "resourceRegion": "eastus",
        "resourceGroup": "AzureSynapseSushRG",
        "subscriptionId": "74978c73-22ed-4fd5-9de2-85878197ac55",
        "sessionId": "icX2Y+yxAk/C/OqvEXlSLz",
        "operationId": "kT8^3",
        "gitType": "live",
        "loggingKey": "39bc05c4-c2ad-4e4a-873c-b2cf82bf57dc"
    },
    "additionalInfo": {
        "selectedResource": "Pipeline_ReadNotebook",
        "selectedResourceType": "pipeline"
    }
}