{
    "name": "Notebookwritecsvparquet",
    "properties": {
        "nbformat": 4,
        "nbformat_minor": 2,
        "bigDataPool": {
            "referenceName": "sparkpool1",
            "type": "BigDataPoolReference"
        },
        "sessionProperties": {
            "driverMemory": "28g",
            "driverCores": 4,
            "executorMemory": "28g",
            "executorCores": 4,
            "numExecutors": 2,
            "runAsWorkspaceSystemIdentity": false,
            "conf": {
                "spark.dynamicAllocation.enabled": "false",
                "spark.dynamicAllocation.minExecutors": "2",
                "spark.dynamicAllocation.maxExecutors": "2",
                "spark.autotune.trackingId": "3de5414a-af4a-45d0-b7e8-efc2e2dbad82"
            }
        },
        "metadata": {
            "saveOutput": true,
            "enableDebugMode": false,
            "language_info": {
                "name": "python"
            },
            "a365ComputeOptions": {
                "id": "/subscriptions/74978c73-22ed-4fd5-9de2-85878197ac55/resourceGroups/AzureSynapseSushRG/providers/Microsoft.Synapse/workspaces/azuresynapsesushworkspace/bigDataPools/sparkpool1",
                "name": "sparkpool1",
                "type": "Spark",
                "endpoint": "https://azuresynapsesushworkspace.dev.azuresynapse.net/livyApi/versions/2019-11-01-preview/sparkPools/sparkpool1",
                "auth": {
                    "type": "AAD",
                    "authResource": "https://dev.azuresynapse.net",
                    "authHeader": null
                },
                "sparkVersion": "3.4",
                "nodeCount": 10,
                "cores": 4,
                "memory": 28,
                "extraHeader": null
            },
            "sessionKeepAliveTimeout": 30
        },
        "cells": [
            {
                "cell_type": "code",
                "metadata": {
                    "microsoft": {
                        "language": "python"
                    }
                },
                "source": [
                    "%%pyspark\n",
                    "df = spark.sql(\"select * from nyctaxi.PassengerCountStats\")\n",
                    "df.write.mode(\"overwrite\").csv(\"/NYCTaxi/csvfile\")\n",
                    "df.write.mode(\"overwrite\").parquet(\"/NYCTaxi/parquetfile\")"
                ],
                "outputs": []
            }
        ]
    }
}