{
    "now": "2025-03-24T11:55:26.972Z",
    "perfNow": 279866.6999999881,
    "diagnosticCorrelation": "ec94c03f-3533-434e-9cb4-f0b48a7f41d3",
    "source": "DownloadSupportFiles",
    "environment": {
        "productName": "a365",
        "buildVersion": "25.0303.07",
        "environmentType": 9,
        "resourceName": "azuresynapsesushworkspace",
        "resourceRegion": "eastus",
        "resourceGroup": "AzureSynapseSushRG",
        "subscriptionId": "74978c73-22ed-4fd5-9de2-85878197ac55",
        "sessionId": "icX2Y+yxAk/C/OqvEXlSLz",
        "operationId": "kT8^3",
        "gitType": "live",
        "loggingKey": "39bc05c4-c2ad-4e4a-873c-b2cf82bf57dc"
    },
    "additionalInfo": {
        "selectedResource": "RunNoteBook",
        "selectedResourceType": "pipeline"
    }
}