{
    "name": "RunNoteBook",
    "properties": {
        "activities": [
            {
                "name": "Notebook1",
                "type": "SynapseNotebook",
                "dependsOn": [],
                "policy": {
                    "timeout": "0.12:00:00",
                    "retry": 0,
                    "retryIntervalInSeconds": 30,
                    "secureOutput": false,
                    "secureInput": false
                },
                "userProperties": [],
                "typeProperties": {
                    "notebook": {
                        "referenceName": "Notebookwritecsvparquet",
                        "type": "NotebookReference"
                    },
                    "snapshot": true,
                    "sparkPool": {
                        "referenceName": "sparkpool1",
                        "type": "BigDataPoolReference"
                    },
                    "executorSize": "Small",
                    "driverSize": "Small"
                }
            }
        ],
        "annotations": [],
        "lastPublishTime": "2025-03-18T19:22:23Z"
    },
    "type": "Microsoft.Synapse/workspaces/pipelines"
}